id_me,id_Hafro,id_marina,location,date_net_set,date_net_up,species,morph,length_cm,weight_g,sex,mat,diphyll_inf,age,logCsize_W,logCsize_H,logCsize_H5,logCsize_D,logCsize_M,logCsize_A,logCsize_Q,logCsize_P,logCsize_S
PC3831,KBL1,,Ofugsnadi,10/09/20,11/09/20,B,LB,42.5,1061,F,2,,8,NA,NA,NA,1.5586187,1.58071,1.331949192,0.507901495,0.13205113,0.303805222
PC3834,M3,,Ofugsnadi,10/09/20,11/09/20,B,PL,15.6,37,M,4,,5,NA,NA,NA,0.6291754,0.6628085,0.41744598,-0.497343429,-1.007234783,-0.628900693
PC3839,SBL2,,Ofugsnadi,10/09/20,11/09/20,B,PI,42.8,1131,M,4,,9,NA,NA,NA,1.7415688,1.7564629,1.438432333,0.565715388,0.350827091,0.453413358
PC3840,KBL8,,Ofugsnadi,10/09/20,11/09/20,B,LB,37.1,672,M,4,,7,NA,NA,NA,1.4828573,1.4378166,1.238995619,0.400712665,0.007383798,0.2239359
PC3841,SBL4,,Ofugsnadi,10/09/20,11/09/20,B,PI,49.5,1714,M,4,,9,NA,NA,NA,1.937873,1.9217087,1.648177346,0.765351218,0.584365556,0.739507834
PC3842,KBL10,,Ofugsnadi,10/09/20,11/09/20,B,LB,42,1010,M,4,,8,NA,NA,NA,1.8332211,1.8412973,1.484233235,0.618661318,0.400484215,0.582741503
PC3843,KBL11,,Ofugsnadi,10/09/20,11/09/20,B,LB,40.7,815,M,6,,9,NA,NA,NA,1.7678126,1.8129056,1.489670786,0.631502385,0.404936718,0.454382035
PC3844,KBL12,,Ofugsnadi,10/09/20,11/09/20,B,LB,34.7,504,M,4,,7,NA,NA,NA,1.4081087,1.459648,1.155376101,0.329647564,-0.113099349,0.154498644
PC3845,SBL6,,Ofugsnadi,10/09/20,11/09/20,B,PI,46.9,1455,M,6,,11,NA,NA,NA,2.0186447,2.0275085,1.735557058,0.809166774,0.468832295,0.816116267
PC3846,SBL7,,Ofugsnadi,10/09/20,11/09/20,B,PI,43,990,M,6,,9,NA,NA,NA,NA,1.7665138,1.483402946,0.69384329,0.296609108,0.515300449
PC3847,SBL9,,Ofugsnadi,10/09/20,11/09/20,B,PI,36.7,655,M,5,,8,NA,NA,NA,1.6099149,1.5849015,1.375730029,0.551087918,0.123313747,0.336871235
PC3848,SBL8,,Ofugsnadi,10/09/20,11/09/20,B,PI,41.2,1001,M,6,,9,NA,NA,NA,1.8546751,1.7885364,1.640953939,0.703983646,0.28820758,0.329025193
PC3849,KBL14,,Ofugsnadi,10/09/20,11/09/20,B,LB,33.8,362,F,7.2,,7,NA,NA,NA,1.4153292,1.5337752,1.219348011,0.469092422,0.033599962,0.199954906
PC3851,M6,,Ofugsnadi,10/09/20,11/09/20,B,PL,22.3,130,M,5,,9,NA,NA,NA,1.0687775,1.0937171,0.77881792,-0.05881468,-0.510273636,-0.108570193
PC3855,M8,,Ofugsnadi,10/09/20,11/09/20,B,PL,19.4,74,M,4,,5,NA,NA,NA,0.8422651,0.8475624,0.573356697,-0.291837765,-0.824705533,-0.348448378
PC3859,M12,,Ofugsnadi,10/09/20,11/09/20,B,PL,14.8,36,M,4,,5,NA,NA,NA,0.5639932,0.5783102,0.380564107,-0.479542362,-0.980015057,-0.649678957
PC3863,M17,,Ofugsnadi,10/09/20,11/09/20,B,PL,14,33,M,4,,4,NA,NA,NA,0.5710018,0.5643297,0.312414723,-0.626721654,-1.045710316,-0.663344821
PC3864,SBL10,,Ofugsnadi,10/09/20,11/09/20,B,PI,45,1078,M,6,,9,NA,NA,NA,2.0029992,1.8850439,1.633537012,0.712447596,0.414055703,0.576225145
PC3865,SBL11,,Ofugsnadi,10/09/20,11/09/20,B,PI,24.5,162,M,6,,7,NA,NA,NA,1.1564078,1.1188713,0.892462384,-0.003308647,-0.413937577,-0.071444334
PC3867,KBL16,,Ofugsnadi,10/09/20,11/09/20,B,LB,24.5,145,F,7.2,,NA,NA,NA,NA,0.9464805,1.0379227,0.749030793,-0.005818102,-0.379390371,-0.188348392
PC3868,KBL17,,Ofugsnadi,10/09/20,11/09/20,B,LB,34.2,430,F,7.2,,6,NA,NA,NA,1.038272,1.0363248,0.915739442,0.069794806,-0.444461286,-0.089012417
PC3870,M21,,Ofugsnadi,10/09/20,11/09/20,B,PL,20.5,81,F,5,,7,NA,NA,NA,0.9242483,0.8542629,0.751649328,-0.189468473,-0.725948756,-0.420980114
PC3873,M27,,Ofugsnadi,10/09/20,11/09/20,B,PL,18.5,65,M,4,,5,NA,NA,NA,0.8320848,0.8136642,0.563360614,-0.288746502,-0.880453934,-0.47031785
PC3875,M29,,Ofugsnadi,10/09/20,11/09/20,B,PL,21,103,M,4,,5,NA,NA,NA,0.9819967,0.9586296,0.709799261,-0.173513841,-0.568431211,-0.293335812
PC3876,M30,,Ofugsnadi,10/09/20,11/09/20,B,PL,18.8,74,F,5,,5,NA,NA,NA,0.7322076,0.7692542,0.548461925,-0.311364998,-0.86281665,-0.488688687
PC3885,M31,,Ofugsnadi,10/09/20,11/09/20,B,PL,19.1,72,M,6,,5,NA,NA,NA,0.8210114,0.8528283,0.588439632,-0.270792003,-0.774791158,-0.400860429
PC3896,SBL14,,Ofugsnadi,10/09/20,11/09/20,B,PI,32.8,420,M,6,,7,NA,NA,NA,1.5252606,1.5156805,1.276444401,0.336323434,-0.057643464,0.292667756
PC3898,SBL16,,Ofugsnadi,10/09/20,11/09/20,B,PI,45.6,1246,M,6,,10,NA,NA,NA,2.025862,2.02753,1.780178019,0.891376837,0.637697336,0.722530165
PC3899,KBL22,,Ofugsnadi,10/09/20,11/09/20,B,LB,48.7,1420,F,6,,9,NA,NA,NA,1.6971693,1.7703241,1.578794975,0.730224263,0.465863757,0.423072704
PC3900,SBL18,,Ofugsnadi,10/09/20,11/09/20,B,PI,42.3,1091,F,5,,8,NA,NA,NA,1.6523943,1.6069573,1.42242987,0.539349471,0.12783555,0.381403015
PC3901,SBL19,,Ofugsnadi,10/09/20,11/09/20,B,PI,32.6,396,M,6,,8,NA,NA,NA,1.4216041,1.4128628,1.103546122,0.348197621,0.004037116,0.127184106
PC3902,SBL21,,Ofugsnadi,10/09/20,11/09/20,B,PI,57.3,2894,M,5,,10,NA,NA,NA,2.1712059,2.1100131,1.936836361,1.002693349,0.71242774,0.767974669
PC3903,,2001,Olafsdrattur,27/09/20,28/09/20,B,SB,17,56.35,F,5,0,5,3.558616,1.695149,1.650081,0.6000235,0.6346327,0.422875564,-0.329402449,-0.774381933,-0.566935805
PC3904,,2002,Olafsdrattur,27/09/20,28/09/20,B,SB,12.9,28.22,F,5,0,4,3.285268,1.583344,1.53876,0.4150921,0.4516642,0.259787036,-0.524430221,-1.003410065,-0.762440408
PC3905,,2003,Olafsdrattur,27/09/20,28/09/20,B,SB,14.9,30.98,F,2,0,5,3.403798,1.664789,1.624696,0.6152143,0.6168322,0.488690337,-0.404332628,-0.777672664,-0.554405192
PC3906,,2004,Olafsdrattur,27/09/20,28/09/20,B,SB,13.7,28,F,2,0,7,3.318091,1.594758,1.551179,0.5430349,0.5517737,0.364488786,-0.489610054,-0.912239832,-0.652622396
PC3907,,2005,Olafsdrattur,27/09/20,28/09/20,B,SB,15,33.2,F,2,0,5,3.419649,1.637104,1.591123,0.5394382,0.542951,0.33628694,-0.461589175,-0.904789606,-0.720078942
PC3908,,2006,Olafsdrattur,27/09/20,28/09/20,B,SB,15.2,35.16,F,2,0,6,3.417084,1.697403,1.646303,0.6217177,0.6542346,0.474553869,-0.375509134,-0.877749849,-0.487897386
PC3909,,2007,Olafsdrattur,27/09/20,28/09/20,B,SB,13.5,22.81,M,5,0,4,3.297825,1.569547,1.529404,0.5015971,0.5668606,0.318495246,-0.480857035,-0.860448789,-0.58162046
PC3910,,2008,Olafsdrattur,27/09/20,28/09/20,B,SB,13,24.5,M,4,0,6,3.273181,1.594529,1.543316,0.5085693,0.6118178,0.309268339,-0.513813933,-0.853142035,-0.749858075
PC3911,,2009,Olafsdrattur,27/09/20,28/09/20,B,SB,14.2,27.55,F,7/2,0,4,3.355187,1.623081,1.573752,0.4846234,0.5699031,0.341165205,-0.458736398,-0.974304755,-0.619397666
PC3912,,2010,Olafsdrattur,27/09/20,28/09/20,B,SB,16.2,41.6,F,2,0,7,3.473548,1.7333,1.700636,0.6862319,0.7224972,0.598881317,-0.275239898,-0.705606857,-0.39048513
PC3913,,2011,Olafsdrattur,27/09/20,28/09/20,B,SB,12.9,24.26,M,6,0,4,3.255336,1.603327,1.545283,0.473748,0.5436717,0.294459247,-0.478010996,-0.938199131,-0.655471453
PC3914,,2012,Olafsdrattur,27/09/20,28/09/20,B,SB,15.9,45.37,F,5,0,NA,3.459736,1.702833,1.648388,0.6782429,0.703114,0.492333872,-0.448549069,-0.7808484,-0.436563848
PC3915,,2013,Olafsdrattur,27/09/20,28/09/20,B,SB,13.7,26.47,M,6,0,5,3.312954,1.621355,1.579587,0.5445751,0.6255865,0.411700976,-0.482650036,-0.875101655,-0.614504211
PC3916,,2014,Olafsdrattur,27/09/20,28/09/20,B,SB,13.9,27.19,M,6,0,4,3.340615,1.594965,1.559799,0.4695412,0.5047694,0.346609181,-0.552714799,-0.972828179,-0.785622872
PC3917,,2015,Olafsdrattur,27/09/20,28/09/20,B,SB,14.7,35.24,M,6,0,4,3.391167,1.662868,1.615158,0.5828725,0.6151123,0.378375312,-0.479749753,-0.861368739,-0.66762526
PC3918,,2016,Olafsdrattur,27/09/20,28/09/20,B,SB,14.8,35.5,M,5/6,0,5,3.396394,1.64801,1.600338,0.5853096,0.6437018,0.341066491,-0.425484283,-0.798660967,-0.566726541
PC3919,,2017,Olafsdrattur,27/09/20,28/09/20,B,SB,14.5,31.49,F,7/2,0,5,3.365911,1.635921,1.589838,0.5350201,0.6159936,0.375644162,-0.414298217,-0.85093237,-0.530809745
PC3920,,2018,Olafsdrattur,27/09/20,28/09/20,B,SB,15.8,40.13,F,6,0,7,3.454628,1.69538,1.648399,0.577064,0.6326842,0.434553271,-0.358695372,-0.732467664,-0.611759728
PC3921,,2019,Olafsdrattur,27/09/20,28/09/20,B,SB,11.2,16,F,1/2,0,3,3.110997,1.357034,1.315786,0.166474,0.1868123,0.012008063,-0.736518939,-1.230980929,-0.958540716
PC3922,,2020,Olafsdrattur,27/09/20,28/09/20,B,SB,14.8,21.2,M,6,0,4,3.390909,1.652544,1.615424,0.5711424,0.5529679,0.342416188,-0.47918158,-0.840918147,-0.690885882
PC3923,,2021,Olafsdrattur,27/09/20,28/09/20,B,SB,13.9,27.7,M,6,0,4,3.339758,1.657598,1.612584,0.5995857,0.6413723,0.443693774,-0.376377884,-0.837887336,-0.576917138
PC3924,,2022,Olafsdrattur,27/09/20,28/09/20,B,SB,13.6,26.44,M,6,0,6,3.319716,1.541916,1.495812,0.4352847,0.5046917,0.238468443,-0.498295239,-0.997121018,-0.535661778
PC3925,,2023,Olafsdrattur,27/09/20,28/09/20,B,SB,14.8,31.05,F,7/2,0,5,3.397094,1.635885,1.579156,0.4724983,0.4958832,0.294346323,-0.498022668,-0.9025594,-0.721449905
PC3926,,2024,Olafsdrattur,27/09/20,28/09/20,B,SB,13.7,25.66,M,7,0,5,3.317227,1.628067,1.580893,0.5364519,0.5866406,0.379211344,-0.397700508,-0.913631681,-0.580286804
PC3927,,2025,Olafsdrattur,27/09/20,28/09/20,B,SB,13.3,28.1,M,5,0,6,3.30091,1.567929,1.520047,0.4263665,0.5107096,0.248755575,-0.554204502,-0.950879056,-0.773731081
PC3928,,2026,Olafsdrattur,27/09/20,28/09/20,B,SB,12,18.5,F,1/2,0,4,3.191641,1.422234,1.390977,0.343988,0.3711457,0.178767422,-0.629175955,-1.060488942,NA
PC3929,,2027,Olafsdrattur,27/09/20,28/09/20,B,SB,13.3,26.92,M,5,0,5,3.277239,1.629343,1.546277,0.4993513,0.5551984,0.298777611,-0.498422433,-0.857250736,-0.568589094
PC3930,,2028,Olafsdrattur,27/09/20,28/09/20,B,SB,13.28,27.2,F,7/2,0,4,3.326907,1.588008,1.521463,0.4890359,0.5175446,0.331772422,-0.612746576,-0.968886261,NA
PC3931,,2029,Olafsdrattur,27/09/20,28/09/20,B,SB,11.8,16.33,F,2,0,5,3.161132,1.416252,1.37193,0.302511,0.3344535,0.114767637,-0.675560468,-1.059804303,-0.832935994
PC3932,,2030,Olafsdrattur,27/09/20,28/09/20,B,SB,11.5,15.13,M,5,0,5,3.143733,1.444963,1.410312,0.2926577,0.3003698,0.125155463,-0.701281172,-1.123799011,-0.881097467
PC3933,,2031,Olafsdrattur,27/09/20,28/09/20,B,SB,10.8,13.32,M,6,0,NA,3.064007,1.38585,1.341687,0.3582864,0.3872391,0.162324516,-0.784397928,-1.153053901,NA
PC3934,,2032,Olafsdrattur,27/09/20,28/09/20,B,SB,11.1,14.32,M,5,0,4,3.104728,1.379424,1.334959,0.1952916,0.2181833,0.060321702,-0.735505141,-1.183775094,-0.998433147
PC3935,,2033,Olafsdrattur,27/09/20,28/09/20,B,SB,10.4,11.87,M,1/2,0,4,3.021222,1.334947,1.272952,0.1359213,0.1303157,0.012722758,-0.864226477,-1.272472238,-1.060057207
PC4200,,,Olafsdrattur,27/09/20,28/09/20,B,PL,12.3,22.18,M,6,,5,3.26719,1.525981,1.426778,0.4072205,0.4566677,0.20841179,-0.617627977,-1.185360757,-0.748170508
PC4201,,,Olafsdrattur,27/09/20,28/09/20,B,PL,14,29.18,M,4,,5,3.338494,1.586473,1.53051,0.5865523,0.636036,0.363545927,-0.511907296,-1.076760449,-0.685221547
PC4202,,,Olafsdrattur,27/09/20,28/09/20,B,PL,13.7,31.74,M,5,,5,3.350819,1.583188,1.544438,0.5022135,0.5689762,0.321115035,-0.592796933,-1.048678246,-0.665300878
PC4203,,,Olafsdrattur,27/09/20,28/09/20,B,PL,15,38.61,M,7,,5,3.413218,1.648001,1.204426,0.6118862,0.7029269,0.416272007,-0.391863334,-1.172480586,-0.559256551
PC4204,,,Olafsdrattur,27/09/20,28/09/20,B,PL,13.4,26.01,M,5,,5,3.311481,1.55392,1.29096,0.502597,0.5801471,0.248742562,-0.550364091,-1.02897568,-0.68571631
PC4205,,,Olafsdrattur,27/09/20,28/09/20,B,PL,13.6,29.49,M,4,,4,3.318149,1.529206,1.389081,0.5378583,0.5518292,0.321075111,-0.524399347,-1.045443037,-0.609037718
PC4206,,,Olafsdrattur,27/09/20,28/09/20,B,PL,13.3,25.06,M,6,,4,3.313186,1.506442,1.352376,0.4682351,0.4802286,0.251837459,-0.627306651,-1.099458193,-0.75802836
PC4207,,,Olafsdrattur,27/09/20,28/09/20,B,PL,13.6,29.32,M,6,,4,3.320573,1.533205,2.119208,0.5604644,0.5615581,0.383151786,-0.576371,-1.151141189,NA
PC4208,,,Olafsdrattur,27/09/20,28/09/20,B,PL,14.7,37.35,M,6,,4,3.397121,1.639266,2.045555,0.6601469,0.6539983,0.396790224,-0.437608991,-0.971904167,-0.503380933
PC4209,,,Olafsdrattur,27/09/20,28/09/20,B,PL,14,30.39,M,6,,NA,3.34234,1.558935,2.05105,0.5430616,0.4873203,0.315420076,-0.516548636,-1.109427483,NA
PC4210,,,Olafsdrattur,27/09/20,28/09/20,B,PL,17,52.56,M,6,,5,3.53149,1.717891,1.992149,0.6710905,0.729533,0.449078845,-0.405903499,-0.954332778,-0.5679132
PC4211,,,Olafsdrattur,27/09/20,28/09/20,B,PL,15.6,39.25,M,5,,4,3.455658,1.656266,2.376825,0.6388534,0.5924699,0.428705941,-0.466117141,-0.952107117,-0.644028507
PC4212,,,Olafsdrattur,27/09/20,28/09/20,B,PL,13.4,25.34,M,5,,5,3.290208,1.592027,2.299052,0.5232894,0.5594861,0.326142315,-0.585197708,-1.153639724,-0.853436604
PC4213,,,Olafsdrattur,27/09/20,28/09/20,B,PL,14.4,33.98,M,6,,4,3.378612,1.586857,2.64144,0.5674114,0.5186075,0.324174824,-0.483416264,-1.066685327,-0.715283443
PC4214,,,Olafsdrattur,27/09/20,28/09/20,B,PL,12,20.83,M,6,,5,3.19751,1.449356,1.470267,0.4108039,0.4061405,0.172438837,-0.769176032,-1.135128076,-0.875872595
PC4215,,,Olafsdrattur,27/09/20,28/09/20,B,PL,17,51.2,M,6,,5,3.522867,1.749172,1.527323,0.7897646,0.7808549,0.614709904,-0.466885,-0.75804432,NA
PC4216,,,Olafsdrattur,27/09/20,28/09/20,B,PL,16.1,48.79,M,6,,4,3.48006,1.709831,1.510408,0.7110148,0.7072824,0.493574982,-0.372237633,-0.996963833,-0.495657275
PC4217,,,Olafsdrattur,27/09/20,28/09/20,B,PL,15.2,42.11,M,5,,5,3.422903,1.660827,1.602553,0.6974301,0.6077942,0.44361093,-0.500915679,-1.050330567,-0.627205819
PC4218,,,Olafsdrattur,27/09/20,28/09/20,B,PL,17.5,61.78,M,6,,5,3.567107,1.783888,1.500704,0.7737485,0.7672126,0.524806674,-0.334223346,-0.782236348,-0.437540319
PC4219,,2034,Svinnanes,09/10/20,10/10/20,B,SB,10.5,20.71,M,6,0,4,3.072505,1.377081,1.49375,0.3069576,0.4251876,0.088815222,-0.700652691,-1.165345381,-0.862300108
PC4220,,2035,Svinnanes,09/10/20,10/10/20,B,SB,14.2,21.42,M,6,0,3,3.357641,1.634719,1.437892,0.5186841,0.6014619,0.33243469,-0.478155579,-0.881958058,-0.574725232
PC4221,,2037,Svinnanes,09/10/20,10/10/20,B,SB,20.8,102.75,F,4,0,6,3.747035,2.038467,1.472949,0.9257083,0.9806895,0.732018197,-0.085066899,-0.469517096,-0.240727668
PC4222,,2038,Svinnanes,09/10/20,10/10/20,B,SB,14.1,32.86,M,6,0,8,3.359954,1.691752,1.580635,0.6275174,0.7337661,0.388424239,-0.368556672,-0.763137812,-0.566829301
PC4223,,2039,Svinnanes,09/10/20,10/10/20,B,SB,14.3,31.8,F,7/6?,0,8,3.380971,1.5829,1.503601,0.4200137,0.4826848,0.242811675,-0.574880718,-0.93785689,-0.581182912
PC4224,,2040,Svinnanes,09/10/20,10/10/20,B,SB,14.5,34.05,M,6,0,5,3.377732,1.658141,1.664918,0.5033714,NA,0.366406279,-0.438619826,-0.933411974,NA
PC4225,,2041,Svinnanes,09/10/20,10/10/20,B,SB,16,44.77,F,6,0,4,3.498314,1.669412,1.575931,0.5220466,0.5374071,0.357836444,-0.466954721,-0.88733921,-0.620172538
PC4226,,2042,Svinnanes,09/10/20,10/10/20,B,SB,11.9,14.48,F,7,0,5,3.178797,1.42236,1.531945,0.3224365,0.3361367,0.155553851,-0.694891191,-1.208561612,-0.899025117
PC4227,,2043,Svinnanes,09/10/20,10/10/20,B,SB,13.6,27.99,M,6,0,5,3.315496,1.645077,1.536672,0.6111171,0.7040514,0.367020178,-0.472911048,-0.891771672,-0.560136103
PC4228,,2044,Svinnanes,09/10/20,10/10/20,B,SB,20.2,103.34,F,7?,0,6,3.814292,1.987212,1.364929,0.8864013,0.9322941,0.699395288,-0.072704224,-0.500105078,-0.343412911
PC4229,,2045,Svinnanes,09/10/20,10/10/20,B,SB,17,71.77,F,5,0,8,3.549331,1.76804,1.70963,0.5796077,0.7528639,0.435355944,-0.351045832,-0.688550829,-0.512159656
PC4230,,2046,Svinnanes,09/10/20,10/10/20,B,SB,14.2,32.22,F,5,0,6,3.36748,1.58154,1.667737,0.4496137,0.5756849,0.31713876,-0.530342628,-0.951374827,-0.595946902
PC4231,,2047,Svinnanes,09/10/20,10/10/20,B,PL,14.3,27.2,M,6,0,6,3.362687,1.586401,1.588982,0.522149,0.5471228,0.370097128,-0.63980155,-1.056528558,-0.619848855
PC4232,,2048,Svinnanes,09/10/20,10/10/20,B,SB,24.2,147.58,F,7,0,6,3.908487,2.094631,1.724961,0.9793641,1.0602409,0.805596055,0.035445069,-0.374001269,-0.168213012
PC4233,,2049,Svinnanes,09/10/20,10/10/20,B,SB,11,15.55,M,6,0,12,3.105667,1.389759,1.342431,0.2495745,0.2464628,0.053173355,-0.741693437,-1.183579087,-1.009444075
PC4235,,2036,Svinnanes,09/10/20,10/10/20,B,SB,13.4,24.9,F,7/6?,0,5,3.273268,1.585159,1.588347,0.4885782,0.5665068,0.323994504,-0.548589055,-0.901040978,-0.638921893
PC4236,,2051,Mjoanes,15/10/20,16/10/20,B,LB,50,1430,F,7,1,8,4.599115,2.721777,1.98071,1.8553771,1.8825976,1.650159584,0.785004265,0.444520653,0.638773187
PC4237,,2052,Mjoanes,15/10/20,16/10/20,B,PI,43.2,980,F,7,4 cys,12,4.470657,2.621813,1.65986,1.7101586,1.7342305,1.449202477,0.579578071,0.165154344,0.583168801
PC4238,,2053,Mjoanes,15/10/20,16/10/20,B,PI,50,1795,M,6,3,8,4.630533,2.93888,1.536368,2.1489658,2.1919838,1.808975695,0.962877653,0.693541612,0.723526107
PC4239,,2054,Mjoanes,15/10/20,16/10/20,B,LB,43.4,995,M,7,0,8,4.474906,2.582593,1.586077,1.7521052,1.7650706,1.391675351,0.663096631,0.293813626,0.450193064
PC4240,,2055,Mjoanes,15/10/20,16/10/20,B,PI,41,780,F,7,4 cys,9,4.413787,2.530054,1.629375,1.6082357,1.6444442,1.318940916,0.490769844,0.070488416,0.443871572
PC4241,,2056,Mjoanes,15/10/20,16/10/20,B,PI,35.6,490,F,7,4 cys,12,4.278326,2.333528,1.366259,1.4747506,1.4543679,1.247079915,0.376219347,-0.139703435,0.202024626
PC4242,,2057,Mjoanes,15/10/20,16/10/20,B,PI,33,425,M,5,3,9,4.159759,2.4436,1.606552,1.6035308,1.6159891,1.297629559,0.489318305,0.092431063,0.381582642
PC4243,,2058,Mjoanes,15/10/20,16/10/20,B,PI,36,565,M,6,3,12,4.266499,2.489917,1.940977,1.6598913,1.6832638,1.353143054,0.50380245,0.330115209,0.401910608
PC4244,,2059,Mjoanes,15/10/20,16/10/20,B,LB,32,345,M,5,4 ,4,4.144349,2.34832,1.723491,1.2869663,1.374872,1.06285694,0.369360178,-0.035360849,0.182728156
PC4245,,2060,Mjoanes,15/10/20,16/10/20,B,PI,27.2,245,M,5,3,12,3.992012,2.249375,1.532678,1.370126,1.363855,1.062799882,0.178764709,-0.145408932,0.148857213
PC4246,,2061,Mjoanes,15/10/20,16/10/20,B,SB,29.7,285,F,7?,0,5,4.074556,2.286631,1.528771,1.2481107,1.2668626,1.028539698,0.252752619,-0.16362207,0.086517914
PC4247,,2062,Mjoanes,15/10/20,16/10/20,B,PL,29.9,270,F,7,4,7,4.092616,2.151986,2.047438,1.2474466,1.2038618,0.944683201,0.097153037,-0.356434064,0.062152585
PC4248,,2063,Mjoanes,15/10/20,16/10/20,B,PL,26,180,F,7,0,7,3.956394,2.018699,1.334044,1.0654421,1.0511679,0.82252656,-0.110617719,-0.464332787,-0.074816847
PC4249,,2064,Mjoanes,15/10/20,16/10/20,B,PI,47,1150,F,7,4,11,4.54706,2.655478,1.536082,1.8024257,1.7600206,1.465284106,0.644758593,0.26209821,0.669331896
PC4250,,2065,Mjoanes,15/10/20,16/10/20,B,PI,45,905,F,7,3,7,4.484017,2.635731,2.672795,1.7850672,1.7956688,1.504718576,0.688313385,0.252909723,0.597994484
PC4251,,2066,Mjoanes,15/10/20,16/10/20,B,PI,42.9,945,F,7,4,8,4.440766,2.566268,2.550577,1.6318368,1.6200988,1.349258166,0.474137271,0.155059335,0.504157681
PC4252,,2067,Mjoanes,15/10/20,16/10/20,B,PI,32.8,430,M,6,4,7,4.192857,2.335005,2.90223,1.5061542,1.4275362,1.231470667,0.250332622,-0.104775499,0.178389623
PC4253,,2068,Mjoanes,15/10/20,16/10/20,B,PI,31,360,F,6,4,7,4.146453,2.196007,2.553389,1.3045043,1.3084047,1.053290114,0.126531813,-0.249951008,0.036129474
PC4254,,2069,Mjoanes,15/10/20,16/10/20,B,PI,31.5,340,F,7,3,10,4.157047,2.283338,2.482532,1.3383702,1.333377,1.090853502,0.192287537,-0.328245706,0.063537713
PC4255,,2070,Mjoanes,15/10/20,16/10/20,B,PI,34.4,375,F,7,4,7,4.208085,2.308519,2.280941,1.388602,1.4311301,1.171632216,0.229838911,-0.164883006,0.256426555
PC4256,,2071,Mjoanes,15/10/20,16/10/20,B,PI,28.9,265,M,6,3,8,4.035468,2.237754,2.387888,1.3433663,1.3644274,1.089602247,0.131141437,-0.164970132,0.092289075
PC4257,,2072,Mjoanes,15/10/20,16/10/20,B,PI,29.6,265,M,5,4,7,4.064913,2.213339,2.445352,1.3304506,1.2718684,1.022502401,0.101437719,-0.265524051,0.097863903
PC4258,,2073,Mjoanes,15/10/20,16/10/20,B,PI,30,240,F,7,2,8,4.107126,2.192394,2.283232,1.3405054,1.3159993,1.048268723,0.085761603,-0.375087699,0.134793032
PC4259,,2074,Mjoanes,15/10/20,16/10/20,B,SB,29.4,265,F,7,0,5,4.071074,2.172277,2.201649,1.0011376,1.2070753,0.867238242,0.113941604,-0.310234528,-0.049263034
PC4260,,2075,Mjoanes,15/10/20,16/10/20,B,PL,24,160,M,3,2,6,3.870209,2.113241,2.198716,1.2571031,1.2250592,0.996027313,0.123138047,-0.434284271,-0.071532869
PC4261,,2076,Mjoanes,15/10/20,16/10/20,B,PL,25.8,155,F,7,2,7,3.810943,1.923763,2.104005,1.1004072,1.0380778,0.842859616,0.024430209,-0.394555862,NA
PC4263,,2078,Mjoanes,15/10/20,16/10/20,B,PL,26.4,185,F,7,3,8,3.969746,2.085249,2.602445,1.1320273,1.0768645,0.885456287,-0.034247884,-0.449248548,-0.156077819
PC4264,,2079,Mjoanes,15/10/20,16/10/20,B,PL,22,125,M,5,3,6,3.761456,1.932587,2.594484,1.0651279,1.0597176,0.786081788,-0.05469933,-0.596047368,-0.097192761
PC4266,,2081,Mjoanes,15/10/20,16/10/20,B,PL,25,160,F,7,3,7,3.924369,2.028721,2.293308,1.0146452,1.0378989,0.795926148,-0.045841082,-0.462016051,-0.166708846
PC4267,,2082,Mjoanes,15/10/20,16/10/20,B,PL,27.1,200,F,7,4,11,3.995037,2.112323,2.142755,1.1886984,1.2210298,0.985612418,0.119169508,-0.352815197,0.003927355
PC4268,,2083,Mjoanes,15/10/20,16/10/20,B,SB,22,98.33,F,2,0,6,3.785709,2.009496,2.23355,0.9121151,0.9926104,0.683440058,-0.079421058,-0.420291765,-0.199189243
PC4269,,2084,Mjoanes,15/10/20,16/10/20,B,SB,22.5,113.25,M,6,0,8,3.803119,2.051576,2.271597,0.9306836,1.061864,0.772336531,-0.04858568,-0.425912222,-0.149262034
PC4270,,2085,Mjoanes,15/10/20,16/10/20,B,SB,21.9,111.02,F,7,0,7,3.802421,2.018464,2.191305,0.9466703,1.0348432,0.770490618,0.012405891,-0.390184206,-0.160873308
PC4271,,2086,Mjoanes,15/10/20,16/10/20,B,SB,20.2,82.76,F,2,0,5,3.722818,1.885907,2.165708,0.772023,0.8076641,0.626828939,-0.18789542,-0.610868916,-0.385130571
PC4272,,2087,Mjoanes,15/10/20,16/10/20,B,SB,19.6,78.88,F,2,0,6,3.697285,1.963565,2.155667,0.8082435,0.8258154,0.633700524,-0.21695002,-0.681931392,-0.344994437
PC4273,,2088,Mjoanes,15/10/20,16/10/20,B,SB,20.6,100.88,F,7,0,6,3.751403,1.987523,2.13444,0.799517,0.9025003,0.629416233,-0.058645497,-0.551536356,-0.320063227
PC4274,,2089,Mjoanes,15/10/20,16/10/20,B,SB,19,77.67,F,7,0,6,3.675972,1.932874,2.068708,0.8459988,0.8481039,0.648531524,-0.157692558,-0.677543155,-0.379886832
PC4275,,2090,Mjoanes,15/10/20,16/10/20,B,SB,18.6,70.99,F,2,0,8,3.65817,1.821617,1.876261,0.7422235,0.7715224,0.649863323,-0.298331368,-0.668638557,-0.387244197
PC4276,,2091,Mjoanes,15/10/20,16/10/20,B,SB,17.8,73.1,F,7,0,5,3.609482,1.831581,2.088588,0.6765509,0.8058694,0.525227796,-0.228843147,-0.657055034,-0.291758607
PC4277,,2092,Mjoanes,15/10/20,16/10/20,B,SB,18.9,78.02,F,2,0,7,3.647558,1.863153,2.045585,0.6007126,0.7546978,0.45678972,-0.26421966,-0.615955454,-0.465354291
PC4278,,2093,Mjoanes,15/10/20,16/10/20,B,SB,19.1,84.33,F,7,3,6,3.678875,1.932112,1.885548,0.8312094,0.8445676,0.655079052,-0.182206142,-0.652437868,-0.358819896
PC4279,,2094,Mjoanes,15/10/20,16/10/20,B,SB,20.5,82.97,M,7,0,11,3.722341,2.04273,2.09096,0.9988387,1.0346174,0.788959538,-0.059386915,-0.391683145,-0.195368975
PC4280,,2095,Mjoanes,15/10/20,16/10/20,B,SB,19,75.13,M,6,0,7,3.649964,1.944206,1.980493,0.853603,0.940296,0.668123925,-0.135918511,-0.528535081,-0.274043974
PC4281,,2096,Mjoanes,15/10/20,16/10/20,B,SB,13,19,F,7,0,6,3.25386,1.510602,2.06837,0.4338218,0.4480576,0.277466324,-0.626253876,-1.215923413,-0.730110608
PC4282,,2097,Mjoanes,15/10/20,16/10/20,B,SB,20,80.29,M,5,0,6,3.703947,1.950417,1.952004,0.86067,0.9196667,0.627011334,-0.208428036,-0.559821208,-0.336383987
PC4283,,2098,Mjoanes,15/10/20,16/10/20,B,SB,16,44.21,F,7,0,6,3.498272,1.737024,1.995761,0.6100674,0.6401857,0.388177671,-0.329739673,-0.843124792,-0.65051076
PC4284,,2099,Mjoanes,15/10/20,16/10/20,B,SB,18.5,75.44,F,7,0,5,3.645144,1.86951,1.971042,0.7596681,0.7976486,0.544598955,-0.204866406,-0.687593107,-0.384147458
PC4285,,2100,Mjoanes,15/10/20,16/10/20,B,SB,17.5,67.88,F,7,0,10,3.579432,1.781007,1.831453,0.7036057,0.7524852,0.57269749,-0.3108105,-0.737968344,-0.439993941
PC4286,,2101,Mjoanes,15/10/20,16/10/20,B,SB,15.9,43.82,NA,NA,0,4,3.481921,1.713175,1.897533,0.5571748,0.5874797,0.362249845,-0.466612155,-0.852881234,-0.548267405
PC4287,,2102,Mjoanes,15/10/20,16/10/20,B,SB,14,28.88,F,7,0,4,3.34059,1.57716,1.913273,0.439141,0.5374793,0.269568053,-0.517347864,-0.955612453,-0.614454516
PC4288,,2103,Mjoanes,15/10/20,16/10/20,B,SB,11.8,23.27,F,7,0,4,3.15967,1.41263,1.878541,0.2906554,0.388501,0.120701756,-0.640361145,-1.071763696,-0.766269164
PC4290,,2105,Mjoanes,15/10/20,16/10/20,B,SB,13,21.38,F,7,0,NA,3.272064,1.513815,1.777992,0.3887905,0.3818622,0.195556146,-0.591942732,-1.033876479,-0.699197702
PC4291,,2106,Mjoanes,15/10/20,16/10/20,B,SB,12.5,16.71,M,3,3,4,3.203556,1.526645,1.78119,0.3980498,0.5413425,0.239211967,-0.595117814,-0.9620295,-0.733386592
PC4292,,2107,Mjoanes,15/10/20,16/10/20,B,SB,10.6,12.42,F,7,0,6,3.061568,1.323914,1.818673,0.2105322,0.2674388,-0.000156137,-0.815637765,-1.236524594,-0.879937752
PC4293,,2108,Mjoanes,15/10/20,16/10/20,B,SB,12.4,17.9,M,6,0,6,3.219557,1.513405,1.880697,0.503779,0.5206079,0.293462013,-0.610747652,-0.988972865,-0.593957126
PC4294,,2109,Mjoanes,15/10/20,16/10/20,B,SB,12.1,18.33,M,7,0,6,3.198588,1.481651,1.967192,0.538666,0.5377838,0.330345801,-0.532134057,-0.94952094,-0.686054369
PC4295,,2110,Mjoanes,15/10/20,16/10/20,B,SB,12.9,26.57,M,7,0,4,3.268956,1.572615,1.894956,0.3682033,0.510491,0.227145507,-0.581481257,-0.982077135,-0.770969075
PC4296,,2111,Mjoanes,15/10/20,16/10/20,B,SB,13.5,24.9,NA,NA,0,4,3.303784,1.583128,1.437196,0.544503,0.5601062,0.279329128,-0.582856994,-0.965486212,-0.649931376
PC4297,,2112,Mjoanes,15/10/20,16/10/20,B,SB,11.1,14.46,F,7,0,4,3.11262,1.256205,1.896982,0.2004732,0.230068,-0.011750823,-0.856629668,-1.24151212,-1.074001901
PC4298,,2113,Mjoanes,15/10/20,16/10/20,B,SB,10.9,15.75,F,7,0,5,3.091113,1.342375,1.672019,0.2201126,0.2927665,0.050626003,-0.779405771,-1.196899994,-0.913759616
PC4299,,2114,Mjoanes,15/10/20,16/10/20,B,SB,11.5,15.88,M,7,0,4,3.129606,1.442519,1.786593,0.3218048,0.3786319,0.110165247,-0.683847372,-1.065388755,-0.83377623
PC4300,,2115,Mjoanes,15/10/20,16/10/20,B,SB,10.9,13.76,M,7,0,3,3.089597,1.40833,1.70239,0.3131071,0.3919797,0.090441395,-0.716697109,-1.099569273,-0.733994292
PC4301,,2147,Mjoanes,10/11/20,11/11/20,B,PI,25,181.84,M,6,,8,3.928789,2.175448,1.632435,1.1934617,1.2328154,0.9331758,0.105512607,-0.343810919,-0.036303306
PC4302,,2162,Mjoanes,10/11/20,11/11/20,B,PI,24.9,161.8,M,6,,7,3.923722,2.089255,1.50032,1.1811798,1.1125161,0.907152658,-0.048182671,-0.388412544,-0.020567253
PC4303,,2169,Mjoanes,10/11/20,11/11/20,B,PI,23.7,141.58,M,6,,NA,3.869581,2.107954,1.358404,1.1246548,1.1227614,0.817728048,-0.055509177,-0.475286926,-0.120643559
PC4305,,2186,Mjoanes,10/11/20,11/11/20,B,LB,37.1,543.07,M,7,,6,4.336902,2.431744,1.475576,1.4040684,1.4812446,1.163998249,0.400584144,-0.014852925,0.243868154
PC4306,,2187,Mjoanes,10/11/20,11/11/20,B,LB,34.2,550,M,7,,6,4.254092,2.35421,1.260147,1.2593819,1.3140327,1.021994746,0.280700405,-0.194486785,0.048757404
PC4307,,2188,Mjoanes,10/11/20,11/11/20,B,LB,50,1000,M,7,,8,4.538344,2.695009,1.464617,1.7519391,1.8277277,1.592245986,0.684478425,0.319980095,0.556064426
PC4308,,,Mjoanes,10/08/21,10/08/21,B,LB,50.1,1195,M,,,9,4.56098,2.736667,2.675991,1.7605989,1.8687329,1.567098609,0.75010059,0.384537161,0.655012929
PC4309,,,Mjoanes,10/08/21,10/08/21,B,LB,52.1,1420,M,,,15,4.677543,2.939162,2.867543,1.9546536,1.987697,1.609843567,0.890342878,0.637130595,0.753541037
PC4310,,,Mjoanes,10/08/21,10/08/21,B,LB,38.8,610,M,,,9,4.33783,2.524413,2.480707,1.5343947,1.627293,1.228541439,0.483380292,0.042469279,0.312325897
PC4311,,,Mjoanes,10/08/21,10/08/21,B,LB,44,995,F,,,9,4.493963,2.579518,2.519544,1.5482042,1.6431327,1.330130268,0.593901088,0.133767174,0.453964145
PC4312,,,Mjoanes,10/08/21,10/08/21,B,LB,42.6,1080,F,,,8,4.485127,2.515424,2.477246,1.5017325,1.568459,1.328475094,0.500929921,0.024333405,0.243607879
PC4313,,,Mjoanes,10/08/21,10/08/21,B,LB,38.2,700,M,,,5,4.349802,2.552497,2.50465,1.5226103,1.595413,1.298533641,0.53525742,0.055982206,0.370083905
PC4314,,,Mjoanes,10/08/21,10/08/21,B,LB,45.1,1135,M,,,13,4.473684,2.643833,2.60532,1.7670563,1.6724955,1.447640339,0.680103408,0.259416495,0.33848609
PC4315,,,Mjoanes,10/08/21,10/08/21,B,LB,49,1565,M,,,11,4.584509,2.798091,2.751015,1.8284066,1.9344247,1.55218693,0.746357506,0.408054538,0.615254303
PC4316,,,Mjoanes,10/08/21,10/08/21,B,LB,49.8,1370,M,,,12,4.591533,2.871867,2.802138,2.0418131,1.9711637,1.725875985,0.862351651,0.561065627,0.686912734
PC4317,,,Mjoanes,10/08/21,10/08/21,B,LB,43.8,1030,F,,,6,4.477769,2.530104,2.472725,1.4157388,1.6160668,1.24998853,0.483688004,0.071886114,0.388789468
PC4318,,,Mjoanes,10/08/21,10/08/21,B,LB,36.3,545,M,,,8,4.323265,2.449062,2.392142,1.4133064,1.5068619,1.242861051,0.488116979,0.056541169,0.157853679
PC4319,,,Mjoanes,10/08/21,10/08/21,B,LB,47.4,1085,F,,,8,4.573416,2.641413,2.601987,1.6055533,1.6879065,1.374583637,0.593703811,0.289266956,0.424456259
PC4320,,,Mjoanes,10/08/21,10/08/21,B,LB,32.9,385,M,,,6,4.182018,2.273663,2.225017,1.2718351,1.3119226,1.037234601,0.24685014,-0.089353729,0.152236819
PC4321,,,Mjoanes,10/08/21,10/08/21,B,LB,30.8,320,M,,,7,4.116486,2.217772,2.167231,1.2610109,1.3107995,0.998806797,0.189383032,-0.203162239,0.094090079
PC4322,,,Mjoanes,10/08/21,10/08/21,B,LB,41.4,980,M,,,8,4.414301,2.672168,2.608727,1.5666674,1.6615154,1.418468152,0.611211053,0.108028004,0.489099875
PC4323,,,Mjoanes,10/08/21,10/08/21,B,LB,41.7,920,F,,,8,4.442372,2.526629,2.468252,1.4117025,1.5235916,1.301161703,0.541729573,-0.022046351,0.352914128
PC4324,,,Mjoanes,10/08/21,10/08/21,B,LB,44,1040,M,,,9,4.481353,2.671383,2.635404,1.7035511,1.7371992,1.40261863,0.64463795,0.235104336,0.417922555
PC4325,,,Mjoanes,10/08/21,10/08/21,B,LB,34,400,M,,,8,4.227637,2.381692,2.334164,1.4340854,1.5379994,1.217058603,0.432148132,-0.031540347,0.217277816
PC4326,,,Mjoanes,10/08/21,10/08/21,B,LB,39.9,780,M,,,8,4.396784,2.494433,2.458368,1.5223078,1.6107263,1.253784044,0.523884101,-0.059815089,0.401287072
PC4327,,,Mjoanes,10/08/21,10/08/21,B,LB,53,1935,M,,,9,4.673711,2.801589,2.757957,1.8494556,1.9067253,1.551007502,0.757474676,0.337557181,0.727593288
PC4328,,,Mjoanes,10/08/21,10/08/21,B,LB,41.2,780,M,,,8,4.361167,2.628899,2.583041,1.7443661,1.791991,1.47091282,0.657112334,0.263160882,0.551696295
PC4329,,,Mjoanes,10/08/21,10/08/21,B,LB,35.4,670,M,,,7,4.371978,2.516935,2.482975,1.5026374,1.546863,1.227461452,0.460403158,0.056267205,0.263294258
PC4330,,,Mjoanes,10/08/21,10/08/21,B,LB,41.9,925,M,,,7,4.424779,2.58611,2.538632,1.5451679,1.6367833,1.281118162,0.536580893,0.228754012,0.457411111
PC4331,,,Mjoanes,10/08/21,10/08/21,B,LB,40.8,800,F,,,11,4.454132,2.567827,2.50871,1.507682,1.5876506,1.38201678,0.557404675,0.13764431,0.330741341
PC4332,,,Mjoanes,10/08/21,10/08/21,B,LB,30.3,330,M,,,7,4.131502,2.292709,2.248152,1.1887599,1.2816562,0.967601995,0.22774795,-0.131092114,-0.016746118
PC4333,,,Mjoanes,10/08/21,10/08/21,B,LB,43,830,M,,,7,4.463216,2.628998,2.567412,1.6526753,1.6951557,1.397152087,0.612024894,0.263707931,0.499846549
PC4334,,,Mjoanes,10/08/21,10/08/21,B,LB,44,960,F,,,8,4.504927,2.564379,2.51771,1.4394487,1.5919754,1.283205335,0.579312377,0.133180788,0.395231026
PC4349,,,Olafsdrattur,11/10/21,12/10/21,B,PL,25.2,119.64,F,,,7,3.876101,1.986202,1.937119,0.9854856,0.9769251,0.744390399,-0.104195364,-0.620208443,-0.176113185
PC4350,,,Olafsdrattur,11/10/21,12/10/21,B,PL,17.4,38.03,M,,,6,3.476812,1.657511,1.611453,0.5946098,0.5415976,0.352693169,-0.580478427,-0.964643694,-0.673575099
PC4351,,,Olafsdrattur,11/10/21,12/10/21,B,PL,19,54.31,M,,,6,3.608458,1.77776,1.734614,0.7490944,0.7631699,0.499107619,-0.380996448,-0.873499125,-0.465259852
PC4352,,,Olafsdrattur,11/10/21,12/10/21,B,PL,21.2,76.26,F,,,6,3.709857,1.815131,1.781575,0.8378394,0.8073999,0.561618756,-0.277286172,-0.830791282,-0.448225939
PC4353,,,Olafsdrattur,11/10/21,12/10/21,B,PL,17.4,38.43,F,,,6,3.481068,1.647705,1.568131,0.557816,0.622764,0.377391279,-0.445338123,-1.032990292,-0.586799228
PC4354,,,Olafsdrattur,11/10/21,12/10/21,B,PL,21.4,77.76,M,,,6,3.711875,1.868385,1.830633,0.8380185,0.8188653,0.559867137,-0.377961665,-0.758804054,-0.434917878
PC4355,,,Olafsdrattur,11/10/21,12/10/21,B,PL,18,40.49,M,,,6,3.50775,1.696717,1.653059,0.6712597,0.7022678,0.458508338,-0.450403672,-1.042192157,-0.609166361
PC4356,,,Olafsdrattur,11/10/21,12/10/21,B,PL,21.4,74.03,M,,,6,3.697997,1.859668,1.794918,0.8338468,0.8507629,0.554944825,-0.315566454,-0.822997859,-0.396333918
PC4357,,,Olafsdrattur,11/10/21,12/10/21,B,PL,21.8,89.24,F,,,7,3.725176,1.849772,1.804568,0.8352438,0.8423585,0.612667397,-0.239208975,-0.79397781,-0.377924103
PC4358,,,Olafsdrattur,11/10/21,12/10/21,B,PL,21,70.3,F,,,6,3.679908,1.860537,1.805001,0.8009874,0.7967478,0.589601464,-0.266581276,-0.750251308,-0.375866736
PC4359,,,Olafsdrattur,11/10/21,12/10/21,B,PL,22.4,101.1,F,,,7,3.752143,1.912887,1.859911,0.9499243,0.9494218,0.669343076,-0.133541795,-0.742600709,-0.303720471
PC4360,,,Olafsdrattur,11/10/21,12/10/21,B,PL,23.2,91.75,F,,,8,3.786063,1.923184,1.874531,0.9165008,0.9113611,0.715562553,-0.188414614,-0.639858276,-0.295882719
PC4361,,,Olafsdrattur,11/10/21,12/10/21,B,PL,21.4,80.68,F,,,7,3.714341,1.827838,1.788883,0.865553,0.8588207,0.635106754,-0.227686684,-0.720938419,-0.365748042
PC4362,,,Olafsdrattur,11/10/21,12/10/21,B,PL,19.2,58.28,M,,,4,3.60337,1.773624,1.735565,0.7587582,0.7423301,0.522390316,-0.361955001,-0.832704544,-0.452843969
PC4363,,,Olafsdrattur,11/10/21,12/10/21,B,PL,18.2,41.6,F,,,6,3.519525,1.652986,1.606344,0.6508501,0.6655296,0.418434504,-0.433317005,-0.912761503,-0.579142348
PC4364,,,Olafsdrattur,11/10/21,12/10/21,B,PL,20.4,62.64,F,,,7,3.64838,1.803356,1.748698,0.7989202,0.8018161,0.584639384,-0.28879816,-0.864753589,-0.358425656
PC4365,,,Olafsdrattur,11/10/21,12/10/21,B,PL,24,109.96,F,,,8,3.833666,1.982044,1.937693,0.9724292,1.0183329,0.748313747,-0.11678156,-0.611012976,-0.210863077
PC4366,,,Olafsdrattur,11/10/21,12/10/21,B,PL,15.8,27.36,M,,,5,3.347612,1.591574,1.52916,0.6262606,0.5192614,0.317356223,-0.610873237,-1.045715026,-0.714284283
PC4367,,,Olafsdrattur,11/10/21,12/10/21,B,PL,19.2,57.5,F,,,6,3.60101,1.75672,1.719867,0.6670281,0.7213126,0.483920556,-0.411247084,-0.899862316,-0.597568941
PC4368,,,Olafsdrattur,11/10/21,12/10/21,B,PL,20,55.21,F,,,5,3.620737,1.745082,1.693228,0.7577275,0.683579,0.479189351,-0.402438322,-1.021555053,-0.582010551
PC4369,,,Olafsdrattur,11/10/21,12/10/21,B,PL,18.2,49.95,F,,,6,3.524372,1.692092,1.639123,0.6478851,0.6556324,0.448309506,-0.41315419,-0.948246321,-0.516554146
PC4370,,,Olafsdrattur,11/10/21,12/10/21,B,PL,23.6,102.51,M,,,7,3.815829,2.008046,1.952864,1.0026172,1.0567673,0.750183898,-0.071291124,-0.563540392,-0.179280265
PC4371,,,Olafsdrattur,11/10/21,12/10/21,B,LB,50,1340,F,,,NA,4.587877,2.69924,2.638225,1.7896223,1.8572783,1.631029488,0.642289564,0.399423282,0.583449272
PC4372,,,Olafsdrattur,11/10/21,12/10/21,B,PI,45.4,1030,M,,,12,4.492746,2.652211,2.612013,1.9763047,1.9370398,1.556723822,0.765279382,0.478222269,0.633534555
PC4373,,,Olafsdrattur,11/10/21,12/10/21,B,LB,37.6,730,F,,,7,4.312302,2.376404,2.30659,1.2732709,1.3370201,1.06914355,0.347288334,-0.143835154,0.10931635
PC4374,,,Olafsdrattur,11/10/21,12/10/21,B,PI,37.6,500,F,,,9,4.274501,2.356596,2.311361,1.4618751,1.452667,1.188737934,0.314262179,-0.074467004,0.296544262
PC4375,,,Olafsdrattur,11/10/21,12/10/21,B,LB,52.8,1500,F,,,12,4.64117,2.683267,2.628195,1.7304235,1.7747447,1.59906974,0.719655539,0.308486599,0.582059035
PC4376,,,Olafsdrattur,11/10/21,12/10/21,B,LB,40.4,765,F,,,8,4.389244,2.461371,2.386682,1.4707434,1.4969956,1.261755733,0.378945496,-0.066295674,0.273368095
PC4377,,,Olafsdrattur,11/10/21,12/10/21,B,PI,52.4,1505,M,,,9,4.627131,2.855518,2.809634,1.924652,1.9358185,1.546896111,0.813187989,0.521937486,0.47679426
PC4378,,,Olafsdrattur,11/10/21,12/10/21,B,PI,41.2,680,M,,,8,4.387542,2.557354,2.474117,1.7331607,1.640413,1.311880216,0.536850114,0.120359249,0.361201829
PC4379,,,Olafsdrattur,11/10/21,12/10/21,B,LB,46.2,1315,M,,,7,4.520283,2.530726,2.458188,1.5981385,1.7602775,1.404139011,0.68701194,0.278871307,0.536049064
PC4380,,,Olafsdrattur,11/10/21,12/10/21,B,PI,46,1255,M,,,7,4.522507,2.700881,2.642842,1.815156,1.8254595,1.525978639,0.689846864,0.445024495,0.444328032
PC4381,,,Olafsdrattur,11/10/21,12/10/21,B,PI,36,525,M,,,7,4.249353,2.448359,2.402922,1.6835569,1.6926995,1.29740463,0.438941629,0.175563437,0.53546558
PC4382,,,Olafsdrattur,11/10/21,12/10/21,B,PI,44.2,940,M,,,8,4.440678,2.57594,2.535285,1.7543931,1.7479365,1.391592043,0.629184341,0.232318015,0.500691723
PC4383,,,Olafsdrattur,11/10/21,12/10/21,B,PI,34.6,375,M,,,7,4.165536,2.316307,2.280823,1.4154661,1.4297385,1.132261069,0.273924477,-0.126921994,0.097396682
PC4384,,,Olafsdrattur,11/10/21,12/10/21,B,PI,43.8,995,F,,,9,4.445177,2.46514,2.393778,1.6728065,1.6748957,1.411132419,0.497428984,0.064648071,0.473980005
PC4385,,,Olafsdrattur,11/10/21,12/10/21,B,PI,36.4,380,M,,,7,4.231932,2.302152,2.254522,1.5609401,1.5198259,1.21700393,0.332591753,-0.041888106,0.325093424
PC4386,,,Olafsdrattur,11/10/21,12/10/21,B,PI,36.6,435,M,,,9,4.263444,2.410896,2.364132,1.5295359,1.5871455,1.215097914,0.395074572,-0.007148312,0.313922793
PC4387,,,Olafsdrattur,11/10/21,12/10/21,B,LB,40.6,750,M,,,7,4.3636,2.522495,2.461042,1.5601724,1.5769722,1.350906872,0.457746065,0.197803413,0.384077762
PC4388,,,Olafsdrattur,11/10/21,12/10/21,B,LB,38,615,M,,,8,4.312882,2.398018,2.329696,1.4131692,1.4050373,1.197433025,0.3546481,-0.040256165,0.239330704
PC4389,,,Olafsdrattur,11/10/21,12/10/21,B,PI,42,725,M,,,8,4.390616,2.568864,2.516551,1.7444238,1.8302674,1.350050801,0.46689429,0.354438044,0.604055417
PC4390,,,Olafsdrattur,11/10/21,12/10/21,B,PI,37.8,485,M,,,8,4.248432,2.412463,2.357713,1.5918797,1.5230084,1.270223867,0.307178561,0.054055366,0.294026795
PC4391,,,Olafsdrattur,11/10/21,12/10/21,B,PL,23.6,100,F,,,7,3.777318,1.841271,1.786636,0.9067503,0.9004726,0.644517078,-0.196705997,-0.703064471,-0.2362738
PC4392,,,Olafsdrattur,11/10/21,12/10/21,B,PI,30.2,235,F,,,8,4.125571,2.188557,2.139249,1.3011933,1.3152082,1.078935538,0.176220032,-0.273251465,0.080023899
PC4393,,,Olafsdrattur,11/10/21,12/10/21,B,PI,36.7,575,M,,,10,4.332709,2.432756,2.378686,1.621709,1.5627847,1.309633942,0.421437455,0.025048823,0.430003401
